{
  "run_id": "sglang_qwen_fp4kv_quant_error_trace_20260608T2325JST",
  "rows": {
    "default": {
      "openai_token": "**",
      "openai_logprob": -0.7235294580459595,
      "native_token": "ark",
      "native_token_id": 838,
      "native_logprob": -0.5874708890914917,
      "same_text": false,
      "same_token_id": false,
      "cached_tokens": 55
    },
    "radixoff": {
      "openai_token": "**",
      "openai_logprob": -0.7235294580459595,
      "native_token": "**",
      "native_token_id": 334,
      "native_logprob": -0.7235294580459595,
      "same_text": true,
      "same_token_id": false,
      "cached_tokens": 0
    }
  },
  "quant_error_summary": {
    "default": [
      {
        "loc_len": 4096,
        "sample_count": 128,
        "k_global": 0.1197916716337204,
        "v_global": 0.0016276042442768812,
        "k_cosine": 0.9967067241668701,
        "k_max_abs": 42.0,
        "k_rms": 6.02140998840332,
        "v_cosine": 0.9956598281860352,
        "v_max_abs": 0.203125,
        "v_rms": 0.034730229526758194,
        "k_dense_min": -320.0,
        "k_dense_max": 292.0,
        "v_dense_min": -4.0,
        "v_dense_max": 3.765625
      },
      {
        "loc_len": 6,
        "sample_count": 6,
        "k_global": 0.1197916716337204,
        "v_global": 0.0016276042442768812,
        "k_cosine": 0.9968489408493042,
        "k_max_abs": 42.0,
        "k_rms": 5.998035907745361,
        "v_cosine": 0.9958144426345825,
        "v_max_abs": 0.16015625,
        "v_rms": 0.03466130420565605,
        "k_dense_min": -316.0,
        "k_dense_max": 290.0,
        "v_dense_min": -1.9296875,
        "v_dense_max": 3.546875
      },
      {
        "loc_len": 1,
        "sample_count": 1,
        "k_global": 0.1197916716337204,
        "v_global": 0.0016276042442768812,
        "k_cosine": 0.9969457387924194,
        "k_max_abs": 42.0,
        "k_rms": 5.925271987915039,
        "v_cosine": 0.995147705078125,
        "v_max_abs": 0.1640625,
        "v_rms": 0.04756038263440132,
        "k_dense_min": -316.0,
        "k_dense_max": 290.0,
        "v_dense_min": -1.6171875,
        "v_dense_max": 3.578125
      },
      {
        "loc_len": 1,
        "sample_count": 1,
        "k_global": 0.1197916716337204,
        "v_global": 0.0016276042442768812,
        "k_cosine": 0.996576726436615,
        "k_max_abs": 41.0,
        "k_rms": 6.028263092041016,
        "v_cosine": 0.9961392283439636,
        "v_max_abs": 0.0986328125,
        "v_rms": 0.026156136766076088,
        "k_dense_min": -318.0,
        "k_dense_max": 288.0,
        "v_dense_min": -1.8828125,
        "v_dense_max": 2.765625
      },
      {
        "loc_len": 1,
        "sample_count": 1,
        "k_global": 0.1197916716337204,
        "v_global": 0.0016276042442768812,
        "k_cosine": 0.9969373941421509,
        "k_max_abs": 41.0,
        "k_rms": 5.9172043800354,
        "v_cosine": 0.9967102408409119,
        "v_max_abs": 0.07666015625,
        "v_rms": 0.02554863691329956,
        "k_dense_min": -316.0,
        "k_dense_max": 288.0,
        "v_dense_min": -1.890625,
        "v_dense_max": 2.21875
      },
      {
        "loc_len": 1,
        "sample_count": 1,
        "k_global": 0.1197916716337204,
        "v_global": 0.0016276042442768812,
        "k_cosine": 0.9967145919799805,
        "k_max_abs": 41.0,
        "k_rms": 5.966408729553223,
        "v_cosine": 0.9961527585983276,
        "v_max_abs": 0.1025390625,
        "v_rms": 0.029205072671175003,
        "k_dense_min": -314.0,
        "k_dense_max": 288.0,
        "v_dense_min": -1.890625,
        "v_dense_max": 2.59375
      },
      {
        "loc_len": 1,
        "sample_count": 1,
        "k_global": 0.1197916716337204,
        "v_global": 0.0016276042442768812,
        "k_cosine": 0.9968951940536499,
        "k_max_abs": 39.0,
        "k_rms": 6.018258094787598,
        "v_cosine": 0.9956066608428955,
        "v_max_abs": 0.125,
        "v_rms": 0.03982758894562721,
        "k_dense_min": -314.0,
        "k_dense_max": 288.0,
        "v_dense_min": -1.03125,
        "v_dense_max": 3.15625
      },
      {
        "loc_len": 1,
        "sample_count": 1,
        "k_global": 0.1197916716337204,
        "v_global": 0.0016276042442768812,
        "k_cosine": 0.9967314004898071,
        "k_max_abs": 42.0,
        "k_rms": 5.929703712463379,
        "v_cosine": 0.9969521760940552,
        "v_max_abs": 0.078125,
        "v_rms": 0.021010622382164,
        "k_dense_min": -316.0,
        "k_dense_max": 288.0,
        "v_dense_min": -1.53125,
        "v_dense_max": 2.890625
      },
      {
        "loc_len": 1,
        "sample_count": 1,
        "k_global": 0.1197916716337204,
        "v_global": 0.0016276042442768812,
        "k_cosine": 0.9967315196990967,
        "k_max_abs": 42.0,
        "k_rms": 5.9295830726623535,
        "v_cosine": 0.9969521760940552,
        "v_max_abs": 0.078125,
        "v_rms": 0.021010622382164,
        "k_dense_min": -316.0,
        "k_dense_max": 288.0,
        "v_dense_min": -1.53125,
        "v_dense_max": 2.890625
      },
      {
        "loc_len": 1,
        "sample_count": 1,
        "k_global": 0.1197916716337204,
        "v_global": 0.0016276042442768812,
        "k_cosine": 0.996731162071228,
        "k_max_abs": 42.0,
        "k_rms": 5.9298481941223145,
        "v_cosine": 0.9969521760940552,
        "v_max_abs": 0.078125,
        "v_rms": 0.021010622382164,
        "k_dense_min": -316.0,
        "k_dense_max": 288.0,
        "v_dense_min": -1.53125,
        "v_dense_max": 2.890625
      },
      {
        "loc_len": 1,
        "sample_count": 1,
        "k_global": 0.1197916716337204,
        "v_global": 0.0016276042442768812,
        "k_cosine": 0.9967608451843262,
        "k_max_abs": 41.0,
        "k_rms": 6.039488792419434,
        "v_cosine": 0.9964010715484619,
        "v_max_abs": 0.0927734375,
        "v_rms": 0.026770468801259995,
        "k_dense_min": -318.0,
        "k_dense_max": 288.0,
        "v_dense_min": -1.0390625,
        "v_dense_max": 2.4375
      },
      {
        "loc_len": 1,
        "sample_count": 1,
        "k_global": 0.1197916716337204,
        "v_global": 0.0016276042442768812,
        "k_cosine": 0.9964684844017029,
        "k_max_abs": 41.0,
        "k_rms": 6.017219543457031,
        "v_cosine": 0.9963513016700745,
        "v_max_abs": 0.1328125,
        "v_rms": 0.03605351969599724,
        "k_dense_min": -314.0,
        "k_dense_max": 288.0,
        "v_dense_min": -0.921875,
        "v_dense_max": 3.1875
      },
      {
        "loc_len": 56,
        "sample_count": 56,
        "k_global": 0.1197916716337204,
        "v_global": 0.0016276042442768812,
        "k_cosine": 0.9966691732406616,
        "k_max_abs": 42.0,
        "k_rms": 6.034060001373291,
        "v_cosine": 0.9957151412963867,
        "v_max_abs": 0.19921875,
        "v_rms": 0.035687047988176346,
        "k_dense_min": -318.0,
        "k_dense_max": 290.0,
        "v_dense_min": -3.25,
        "v_dense_max": 4.375
      },
      {
        "loc_len": 1,
        "sample_count": 1,
        "k_global": 0.1197916716337204,
        "v_global": 0.0016276042442768812,
        "k_cosine": 0.9967321157455444,
        "k_max_abs": 42.0,
        "k_rms": 6.069170951843262,
        "v_cosine": 0.9949963092803955,
        "v_max_abs": 0.15625,
        "v_rms": 0.03396334499120712,
        "k_dense_min": -316.0,
        "k_dense_max": 288.0,
        "v_dense_min": -1.2109375,
        "v_dense_max": 2.65625
      },
      {
        "loc_len": 1,
        "sample_count": 1,
        "k_global": 0.1197916716337204,
        "v_global": 0.0016276042442768812,
        "k_cosine": 0.9963703751564026,
        "k_max_abs": 42.0,
        "k_rms": 6.327597618103027,
        "v_cosine": 0.995678186416626,
        "v_max_abs": 0.10546875,
        "v_rms": 0.025309517979621887,
        "k_dense_min": -316.0,
        "k_dense_max": 286.0,
        "v_dense_min": -2.09375,