{
  "schema": "sglang-nvfp4-kv-convention-probe/v1",
  "flashinfer_version": "0.6.10+cf494fca.nv26.05.cu132.50619265",
  "torch_version": "2.12.0a0+5aff3928d8.nv26.05",
  "device": "NVIDIA GB10",
  "capability": [
    12,
    1
  ],
  "shape": {
    "tokens": 40,
    "query_heads": 64,
    "kv_heads": 4,
    "head_dim": 128,
    "page_size": 1
  },
  "scales": {
    "k_decode_scale": 0.0006917318096384406,
    "v_decode_scale": 0.0007731119985692203,
    "k_encode_scale": 1445.64697265625,
    "v_encode_scale": 1293.4736328125
  },
  "inputs": [
    {
      "name": "key",
      "shape": [
        40,
        4,
        128
      ],
      "dtype": "torch.bfloat16",
      "finite": true,
      "amax": 1.859375,
      "mean": 0.004099717829376459
    },
    {
      "name": "value",
      "shape": [
        40,
        4,
        128
      ],
      "dtype": "torch.bfloat16",
      "finite": true,
      "amax": 2.078125,
      "mean": -0.0017961061093956232
    },
    {
      "name": "query",
      "shape": [
        1,
        64,
        128
      ],
      "dtype": "torch.bfloat16",
      "finite": true,
      "amax": 1.8828125,
      "mean": -0.006613357923924923
    }
  ],
  "results": [
    {
      "name": "fp4_quantize_encode_reader_decode",
      "quantizer_scale_kind": "encode",
      "reader_scale_kind": "decode",
      "k_quantizer_scale": 1445.64697265625,
      "v_quantizer_scale": 1293.4736328125,
      "k_reader_scale": 0.0006917318096384406,
      "v_reader_scale": 0.0007731119985692203,
      "k_dequant_cosine_vs_source": 0.9954867362976074,
      "v_dequant_cosine_vs_source": 0.9955236911773682,
      "attention_cosine_vs_source": 0.9950249195098877,
      "attention_relative_error_vs_source": 0.10121024533603962,
      "attention_cosine_vs_dequant": 0.9999955296516418,
      "attention_relative_error_vs_dequant": 0.0289810313720744,
      "finite": true,
      "passed_source": true,
      "reader_matched_dequant": true
    },
    {
      "name": "nvfp4_kv_quantize_encode_reader_decode",
      "quantizer_scale_kind": "encode",
      "reader_scale_kind": "decode",
      "k_quantizer_scale": 1445.64697265625,
      "v_quantizer_scale": 1293.4736328125,
      "k_reader_scale": 0.0006917318096384406,
      "v_reader_scale": 0.0007731119985692203,
      "k_dequant_cosine_vs_source": 0.0,
      "v_dequant_cosine_vs_source": 0.0,
      "attention_cosine_vs_source": 0.0,
      "attention_relative_error_vs_source": 0.9999999998640319,
      "attention_cosine_vs_dequant": 0.0,
      "attention_relative_error_vs_dequant": 0.0,
      "finite": true,
      "passed_source": false,
      "reader_matched_dequant": false
    },
    {
      "name": "nvfp4_kv_quantize_decode_reader_decode",
      "quantizer_scale_kind": "decode",
      "reader_scale_kind": "decode",
      "k_quantizer_scale": 0.0006917318096384406,
      "v_quantizer_scale": 0.0007731119985692203,
      "k_reader_scale": 0.0006917318096384406,
      "v_reader_scale": 0.0007731119985692203,
      "k_dequant_cosine_vs_source": 0.9954867362976074,
      "v_dequant_cosine_vs_source": 0.9955236911773682,
      "attention_cosine_vs_source": 0.9950249195098877,
      "attention_relative_error_vs_source": 0.10121024533603962,
      "attention_cosine_vs_dequant": 0.9999955296516418,
      "attention_relative_error_vs_dequant": 0.0289810313720744,
      "finite": true,
      "passed_source": true,
      "reader_matched_dequant": true
    },
    {
      "name": "nvfp4_kv_quantize_decode_reader_encode",
      "quantizer_scale_kind": "decode",
      "reader_scale_kind": "encode",
      "k_quantizer_scale": 0.0006917318096384406,
      "v_quantizer_scale": 0.0007731119985692203,
      "k_reader_scale": 1445.64697265625,
      "v_reader_scale": 1293.4736328125,
      "k_dequant_cosine_vs_source": 0.9954867362976074,
      "v_dequant_cosine_vs_source": 0.9955236911773682,
      "attention_cosine_vs_source": 0.24852240085601807,
      "attention_relative_error_vs_source": 10226717.974258643,
      "attention_cosine_vs_dequant": 0.9999980926513672,
      "attention_relative_error_vs_dequant": 0.001979543507077121,
      "finite": true,
      "passed_source": false,
      "reader_matched_dequant": true
    }
  ],
  "all_ok": true
}
