{"text":" 4 2+2 is 4. 2+2 is ","output_ids":[220,19,220,17,10,17,374,220,19,13,220,17,10,17,374,220],"meta_info":{"id":"c6d04919b0674ada8295b261e658585b","finish_reason":{"type":"length","length":16},"prompt_tokens":11,"weight_version":"default","num_retractions":0,"reasoning_tokens":0,"completion_tokens":16,"cached_tokens":0,"cached_tokens_details":null,"dp_rank":null,"e2e_latency":0.2949284949863795,"response_sent_to_client_ts":1780885644.9200783}}
