{
  "elapsed_s": 0.0,
  "fp8_report": "/home/jethac/spark_tmp/vllm_gemma3_27b_ppl_20260609T1852JST_ctx512/results/vllm_gemma3_27b_ppl_20260609T1852JST_ctx512_fp8_ppl.json",
  "nvfp4_report": "/home/jethac/spark_tmp/vllm_gemma3_27b_ppl_20260609T1852JST_ctx512/results/vllm_gemma3_27b_ppl_20260609T1852JST_ctx512_nvfp4_ppl.json",
  "ok": true,
  "rows": [
    {
      "ctx": 512,
      "delta_nats_per_token": 0.03739634321028262,
      "delta_ppl": 4.39946936013969,
      "fp8_ok": true,
      "nats_per_token_fp8": 4.7489098469549855,
      "nats_per_token_nvfp4": 4.786306190165268,
      "nvfp4_ok": true,
      "ppl_fp8": 115.45834862463056,
      "ppl_nvfp4": 119.85781798477025
    }
  ],
  "schema": "vllm-prompt-ppl-comparison/v1"
}
